{
  "employees": [{
    "TokenId": "23179947",
    "FirstName": "Sandeep",
    "LastName": "Tripathi",
    "FullName": "Sandeep Tripathi",
    "ContactNumber": "7851919321"
  }, {
    "TokenId": "23108338",
    "FirstName": "Sandeep",
    "LastName": "Mothilla",
    "FullName": "Sandeep Mothilla",
    "ContactNumber": null
  }, {
    "TokenId": "23073266",
    "FirstName": "Sandeep",
    "LastName": "Kumar",
    "FullName": "Sandeep Kumar",
    "ContactNumber": "9984175512"
  }, {
    "TokenId": "23081576",
    "FirstName": "Sandeep Kumar",
    "LastName": "Pandey",
    "FullName": "Sandeep Kumar Pandey",
    "ContactNumber": null
  }, {
    "TokenId": "23081981",
    "FirstName": "Sandeep",
    "LastName": "Kumar",
    "FullName": "Sandeep Kumar",
    "ContactNumber": null
  }, {
    "TokenId": "23102575",
    "FirstName": "Sandeep",
    "LastName": "Mandrekar",
    "FullName": "Sandeep Mandrekar",
    "ContactNumber": "9930455591"
  }, {
    "TokenId": "23075968",
    "FirstName": "Sandeep",
    "LastName": "Singh",
    "FullName": "Sandeep Singh",
    "ContactNumber": null
  }, {
    "TokenId": "23077144",
    "FirstName": "Sandeep",
    "LastName": "Kumar",
    "FullName": "Sandeep Kumar",
    "ContactNumber": null
  }, {
    "TokenId": "23071037",
    "FirstName": "Sandeep",
    "LastName": "Verma",
    "FullName": "Sandeep Verma",
    "ContactNumber": "8982930600"
  }, {
    "TokenId": "23110730",
    "FirstName": "Sandeep",
    "LastName": ".",
    "FullName": "Sandeep .",
    "ContactNumber": null
  }, {
    "TokenId": "23108526",
    "FirstName": "Sandeep",
    "LastName": "Mishra",
    "FullName": "Sandeep Mishra",
    "ContactNumber": null
  }, {
    "TokenId": "23111366",
    "FirstName": "Jitendra Singh",
    "LastName": "Sandhu",
    "FullName": "Jitendra Singh Sandhu",
    "ContactNumber": null
  }, {
    "TokenId": "23124994",
    "FirstName": "Sandeep Kumar Singh",
    "LastName": "Choudhary",
    "FullName": "Sandeep Kumar Singh Choudhary",
    "ContactNumber": null
  }],
  "Message": "Success"
}
