{
  "holiday": [{
    "title": "Republic Day",
    "date": "January 26"
  }, {
    "title": "Maha Shivaratri",
    "date": "February 14"
  }, {
    "title": "Holi",
    "date": "March 02"
  }, {
    "title": "Mahavir Jayanti",
    "date": "March 29"
  }, {
    "title": "Good Friday",
    "date": "March 30"
  }, {
    "title": "Buddha Purnima",
    "date": "April 30"
  }, {
    "title": "Idu'l Fitr",
    "date": "June 16"
  }, {
    "title": "Independence Day",
    "date": "August 15"
  }, {
    "title": "Id-ul-Zuha (Bakrid)",
    "date": "August 22"
  }, {
    "title": "Janmashtami",
    "date": "September 03"
  }, {
    "title": "Muharram",
    "date": "September 21"
  }, {
    "title": "Mahatma Gandhi's Birthday",
    "date": "October 02"
  }, {
    "title": "Dussehra",
    "date": "October 19"
  }, {
    "title": "Diwali (Deepavali)",
    "date": "November 07"
  }, {
    "title": "Guru Nanak's Birthday",
    "date": "November 23"
  }]
}
