{
  "incomeTaxData": [{
      "scheme_desc": "Taxable Income From Previous Employer",
      "rebate": "",
      "limit": "0.00"
    },
    {
      "scheme_desc": "Medical Insurance ",
      "rebate": "80D",
      "limit": "25,0000.00"
    },
    {
      "scheme_desc": "Medical Insurance premium",
      "rebate": "80D",
      "limit": "50,0000.00"
    },
    {
      "scheme_desc": "Deduction for self Non-serve disability",
      "rebate": "80U",
      "limit": "75,0000"
    },
    {
      "scheme_desc": "Payment towards Life insurance policy",
      "rebate": "80C",
      "limit": "9,999,999.00"
    },
    {
      "scheme_desc": "Contribution to Pension scheme",
      "rebate": "80CCD",
      "limit": "200,000.00"
    },
    {
      "scheme_desc": "Deduction for intrest on Home Loan",
      "rebate": "80EE",
      "limit": "50,000.00"
    }


  ]

}
